NLL,bestitr
2.339240850598168,87.0
2.4403566421325142,65.0
2.2917007260614812,132.0
2.484760270618448,160.0
2.5182652013101348,100.0
2.375215249015946,132.0
2.309052467640151,140.0
2.3988155358554826,87.0
3.08973773877665,202.0
2.574478075609294,72.0
2.530985398669015,186.0
2.371979014885458,85.0
2.405609689058918,78.0
2.4705809599791944,86.0
2.3462926764774634,228.0
2.5089039535456585,581.0
2.5209809958948384,171.0
2.4696932916793464,85.0
2.4512700702137065,165.0
2.5282078011657605,57.0
