RMSE,bestitr
4.1112004131967534,3995.0
4.082858088490742,3943.0
4.081549850936452,3989.0
4.1222987160244005,4000.0
4.0716358456515325,3991.0
