NLL,bestitr
0.9343605963172524,35.0
0.8936995228135742,13.0
1.1433845327847971,41.0
0.8497974025967806,47.0
0.8733279122727344,13.0
0.9405961620276589,13.0
1.091409281060719,12.0
0.9978444120676481,23.0
0.8990616549293728,38.0
1.0407101830546697,239.0
0.9666407083683705,172.0
0.9821532360391685,40.0
0.969989456150102,13.0
0.8370058652029746,19.0
0.9673429000127644,13.0
0.8399863127199008,43.0
0.9297948765263792,143.0
0.9241906573691697,34.0
0.9061566251176287,12.0
1.000442543372478,48.0
