NLL,bestitr
2.709671104646863,3825.0
2.6947793452655784,3349.0
2.6914839810994806,3403.0
2.703897775149736,3432.0
2.682075593999212,3991.0
