Accuracy,OOD APS
99.55091383812011,86.99228987394869
99.56135770234987,81.16100717370848
99.41514360313316,81.31075320720058
99.60313315926894,71.44863776580725
99.56135770234987,84.73455123921157
