Accuracy,OOD APS
96.71717171717171,99.42614315708266
95.45454545454545,99.71421187730883
97.22222222222221,99.64527868051258
96.46464646464646,99.6320652578957
96.96969696969697,99.92193807524626
